id,first_name,last_name,email,referrer_email,balance
1,See,Evreux,sevreux0@usnews.com,,304
2,Lilly,Kennsley,lkennsley1@ehow.com,,658
3,Kirbee,Bodimeade,kbodimeade2@princeton.edu,,944
4,Cammy,Mitchenson,cmitchenson3@myspace.com,rralphsks@ibm.com,30
5,Louisa,Antoni,lantoni4@ameblo.jp,,832
6,Pete,Burleigh,pburleigh5@paginegialle.it,upiscofh@cbsnews.com,971
7,Karlens,Molden,kmolden6@squarespace.com,pgodsafefk@amazon.com,884
8,Tedmund,Markham,tmarkham7@wunderground.com,,716
9,Ruthi,Nibley,rnibley8@wikimedia.org,,341
10,Ermengarde,Weatherell,eweatherell9@narod.ru,,546
11,Tressa,Swanston,tswanstona@chronoengine.com,,295
12,Elise,Ashburne,eashburneb@cargocollective.com,ahodgesmd@weebly.com,857
13,Pearla,Bottoms,pbottomsc@fotki.com,dwarehamhn@aol.com,427
14,Willa,Baldrick,wbaldrickd@creativecommons.org,fbyron93@tuttocitta.it,86
15,Scarface,Mell,smelle@salon.com,,904
16,Angela,Rowntree,arowntreef@dyndns.org,,382
17,Tiertza,McCromley,tmccromleyg@ucla.edu,obaniarddm@printfriendly.com,276
18,Lissy,Allsebrook,lallsebrookh@about.me,,330
19,Morie,Corwood,mcorwoodi@chronoengine.com,,418
20,Cris,Waghorn,cwaghornj@yandex.ru,,592
21,Ker,Reisk,kreiskk@cnet.com,,505
22,Devy,Wolvey,dwolveyl@auda.org.au,vjakomh@merriam-webster.com,335
23,Quintana,Leftbridge,qleftbridgem@flavors.me,,926
24,Tristam,Bern,tbernn@cisco.com,,497
25,Cherice,Trevor,ctrevoro@techcrunch.com,,310
26,Fernandina,Grosvenor,fgrosvenorp@pen.io,sdowningk8@youku.com,412
27,Jermaine,Lake,jlakeq@stumbleupon.com,,536
28,Dorree,Shuter,dshuterr@bbc.co.uk,napthorpe6t@cbslocal.com,717
29,Angelia,Packer,apackers@nba.com,cfreestonenb@miitbeian.gov.cn,991
30,Galen,Tourry,gtourryt@meetup.com,,938
31,Lucilia,Kubu,lkubuu@mysql.com,,521
32,Rhea,Pebworth,rpebworthv@ucoz.ru,,854
33,Ada,Camock,acamockw@drupal.org,kgollard3l@blog.com,786
34,Ailbert,Gately,agatelyx@usa.gov,,409
35,Flss,Richarz,fricharzy@unicef.org,,215
36,Odelia,Lissett,olissettz@ucla.edu,,288
37,Claus,Mariet,cmariet10@mapquest.com,csandy3f@creativecommons.org,914
38,Fanchon,Kingzet,fkingzet11@europa.eu,,624
39,Tybalt,Benois,tbenois12@ucoz.com,,298
40,Mona,Bergeon,mbergeon13@sun.com,,131
41,Janek,Ifill,jifill14@nbcnews.com,,715
42,Elihu,Birrel,ebirrel15@whitehouse.gov,mguidettijt@foxnews.com,234
43,Tracey,Terrazzo,tterrazzo16@oaic.gov.au,,987
44,Niki,Schuelcke,nschuelcke17@people.com.cn,cbenasik73@behance.net,310
45,Sheena,Kits,skits18@is.gd,,569
46,Kirbee,Allchin,kallchin19@shareasale.com,,271
47,Frederica,Petrol,fpetrol1a@sitemeter.com,,908
48,Aimee,Lahy,alahy1b@is.gd,wmuskett29@parallels.com,14
49,Carny,Ashcroft,cashcroft1c@youtu.be,fcrocibl@about.com,421
50,Wilfrid,Alecock,walecock1d@amazon.de,,562
51,Hayyim,Warnes,hwarnes1e@ca.gov,,347
52,Marcia,Flew,mflew1f@hc360.com,,767
53,Jami,Pulman,jpulman1g@amazon.com,,597
54,Nancy,Aery,naery1h@bbb.org,,282
55,Thorny,Pedrick,tpedrick1i@exblog.jp,bgorchbk@ft.com,899
56,Eldridge,Starton,estarton1j@weather.com,,669
57,Wye,Stirley,wstirley1k@cnn.com,,323
58,Violetta,Syne,vsyne1l@omniture.com,,578
59,Mavis,Shawdforth,mshawdforth1m@princeton.edu,,45
60,Dehlia,Barrasse,dbarrasse1n@redcross.org,,606
61,Emmanuel,Worsell,eworsell1o@gmpg.org,,234
62,Bryce,Fowlie,bfowlie1p@cnbc.com,dlergannp@altervista.org,226
63,Vanni,Pitkeathly,vpitkeathly1q@rakuten.co.jp,,994
64,Ranna,Walbrook,rwalbrook1r@twitter.com,,13
65,Emmalee,Bleas,ebleas1s@sciencedaily.com,,301
66,Sande,Brachell,sbrachell1t@washington.edu,,455
67,Drucy,Lever,dlever1u@chicagotribune.com,,214
68,Latrina,Mayworth,lmayworth1v@prnewswire.com,,693
69,Mattie,Tyas,mtyas1w@nba.com,,848
70,Letisha,Thorne,lthorne1x@washington.edu,,743
71,Andria,Kerslake,akerslake1y@prlog.org,,452
72,Corine,Di Francesco,cdifrancesco1z@friendfeed.com,,638
73,Aldus,Laven,alaven20@hibu.com,ceburneky@usgs.gov,442
74,Lazaro,Secrett,lsecrett21@walmart.com,,845
75,Nonna,Teasdale-Markie,nteasdalemarkie22@jimdo.com,,449
76,Paolo,Drever,pdrever23@usatoday.com,,265
77,Eada,Dillingham,edillingham24@house.gov,,166
78,Norry,Samwaye,nsamwaye25@usda.gov,,312
79,Vi,Mollatt,vmollatt26@cam.ac.uk,,37
80,Jaquelin,Cribbins,jcribbins27@craigslist.org,,402
81,Lindsy,Rebbeck,lrebbeck28@zdnet.com,,2
82,Wright,Muskett,wmuskett29@parallels.com,,260
83,Joli,De Giorgis,jdegiorgis2a@yandex.ru,,862
84,Lu,Olekhov,lolekhov2b@51.la,,360
85,Dwight,Cantillon,dcantillon2c@ed.gov,tantoniazzib8@jalbum.net,183
86,Bebe,Heningham,bheningham2d@hugedomains.com,,872
87,Griffith,Dillinton,gdillinton2e@hc360.com,,612
88,Alexander,Cescotti,acescotti2f@fda.gov,,320
89,Quinn,Dagleas,qdagleas2g@techcrunch.com,,105
90,Miof mela,Eady,meady2h@miitbeian.gov.cn,dtrangmarfl@networkadvertising.org,594
91,Veda,Klasing,vklasing2i@disqus.com,,71
92,Mathew,Jossel,mjossel2j@i2i.jp,nlydall97@icio.us,491
93,Elena,Kirman,ekirman2k@desdev.cn,,934
94,Raimundo,Barnes,rbarnes2l@prnewswire.com,,151
95,Dayna,Flanagan,dflanagan2m@live.com,,644
96,Georgeanna,Sangra,gsangra2n@networksolutions.com,,163
97,Shayla,Lipprose,slipprose2o@deliciousdays.com,,74
98,Cornell,Morch,cmorch2p@shareasale.com,,409
99,Homerus,Ninnis,hninnis2q@mac.com,,103
100,Karissa,Darby,kdarby2r@intel.com,odaudaw@indiatimes.com,505
101,Sidoney,O'Spellissey,sospellissey2s@shinystat.com,,31
102,Niel,Rycraft,nrycraft2t@sciencedaily.com,,683
103,Alyda,Caudrelier,acaudrelier2u@forbes.com,slocardmu@npr.org,93
104,Delly,Vondra,dvondra2v@comcast.net,,7
105,Bron,Sidebottom,bsidebottom2w@timesonline.co.uk,,501
106,Reba,Carlill,rcarlill2x@msn.com,,406
107,Yulma,Shatliff,yshatliff2y@mac.com,,461
108,Ruben,Durran,rdurran2z@guardian.co.uk,,508
109,Livvyy,Roman,lroman30@illinois.edu,,589
110,Gerald,Kleinhaut,gkleinhaut31@washingtonpost.com,,814
111,Ernie,Pods,epods32@europa.eu,,193
112,Sherwin,Howsan,showsan33@bbc.co.uk,,714
113,Efren,Penhalurick,epenhalurick34@icq.com,wnancarrowaa@wiley.com,363
114,Margeaux,Heersma,mheersma35@alexa.com,,279
115,Normand,Broomhall,nbroomhall36@i2i.jp,,532
116,Linoel,Peet,lpeet37@mozilla.org,thucklebykv@t-online.de,128
117,Stearn,Davidek,sdavidek38@ebay.co.uk,,215
118,Clare,Mableson,cmableson39@comsenz.com,,186
119,Madge,Mullan,mmullan3a@icq.com,,550
120,Kailey,Joiris,kjoiris3b@acquirethisname.com,cfollacarohp@i2i.jp,744
121,Dallas,Bettison,dbettison3c@tuttocitta.it,,850
122,Raleigh,Sones,rsones3d@zimbio.com,,388
123,Florentia,Eakly,feakly3e@toplist.cz,,341
124,Chloris,Sandy,csandy3f@creativecommons.org,,653
125,Dorita,Treadway,dtreadway3g@discuz.net,acrannellgt@foxnews.com,955
126,Arlana,Thorsen,athorsen3h@epa.gov,,520
127,Finn,Pechet,fpechet3i@amazonaws.com,,304
128,Erasmus,Huff,ehuff3j@trellian.com,fbyron93@tuttocitta.it,768
129,Sondra,Jeyness,sjeyness3k@1688.com,,128
130,Kania,Gollard,kgollard3l@blog.com,,13
131,Zitella,Neylon,zneylon3m@meetup.com,dlergannp@altervista.org,977
132,Merwin,Exton,mexton3n@tamu.edu,,639
133,Ernesto,Kelberman,ekelberman3o@google.com,,524
134,Mauricio,McKearnen,mmckearnen3p@spotify.com,,319
135,Erasmus,Flatte,eflatte3q@ucoz.com,,109
136,Abbie,Davydkov,adavydkov3r@gnu.org,,739
137,Nathalie,Farrington,nfarrington3s@alibaba.com,,76
138,Kally,Wiggin,kwiggin3t@aol.com,,43
139,Orelle,Honack,ohonack3u@spiegel.de,,247
140,Kathleen,Raittie,kraittie3v@state.tx.us,,57
141,Mordecai,Sutor,msutor3w@redcross.org,,529
142,Florian,Gymblett,fgymblett3x@printfriendly.com,,202
143,Fairlie,Legate,flegate3y@cocolog-nifty.com,,794
144,Wenonah,Adaway,wadaway3z@sun.com,,270
145,Max,Gravestone,mgravestone40@msn.com,,642
146,Tamma,McDavitt,tmcdavitt41@cbslocal.com,edandreaqq@istockphoto.com,464
147,Lynnell,Tomala,ltomala42@delicious.com,,681
148,Riobard,Rosenblum,rrosenblum43@github.io,,42
149,Symon,Oller,soller44@sciencedaily.com,,704
150,Maris,Nelissen,mnelissen45@free.fr,abaughnkt@arizona.edu,99
151,Orlando,Woolway,owoolway46@cam.ac.uk,,301
152,Johny,McIntee,jmcintee47@boston.com,,154
153,Rutger,Guyan,rguyan48@alexa.com,chercules6k@sourceforge.net,107
154,Gaylene,Bertwistle,gbertwistle49@ycombinator.com,,200
155,Nat,Wannell,nwannell4a@hhs.gov,,627
156,Vallie,Huxtable,vhuxtable4b@amazon.de,ckeillohhr@dell.com,902
157,Augusta,Spreag,aspreag4c@ameblo.jp,,870
158,Susie,Pagan,spagan4d@flavors.me,,966
159,Stern,Ambrosini,sambrosini4e@sciencedirect.com,,400
160,Kennett,Neave,kneave4f@nydailynews.com,,296
161,Antonia,Dover,adover4g@wisc.edu,,668
162,Corinne,Keightley,ckeightley4h@soundcloud.com,bbarti62@oakley.com,422
163,Angelle,Gabala,agabala4i@google.pl,,370
164,Min,Issac,missac4j@epa.gov,,29
165,Tiphany,McKenney,tmckenney4k@networksolutions.com,,528
166,Bettine,Ghione,bghione4l@home.pl,,721
167,Lem,Rusted,lrusted4m@people.com.cn,,212
168,Templeton,Feaks,tfeaks4n@blogs.com,,399
169,Ophelie,Dicky,odicky4o@creativecommons.org,,970
170,Barbara-anne,Wedge,bwedge4p@angelfire.com,,678
171,Northrop,Lappine,nlappine4q@dailymotion.com,,57
172,Odilia,Dripps,odripps4r@dyndns.org,,336
173,Omero,Begent,obegent4s@a8.net,,592
174,Zahara,Gurling,zgurling4t@seattletimes.com,,716
175,Glori,Jahnel,gjahnel4u@tmall.com,sproudlockox@biglobe.ne.jp,945
176,Reinwald,Feldhuhn,rfeldhuhn4v@4shared.com,,586
177,Martguerita,Munnion,mmunnion4w@shutterfly.com,,285
178,Lutero,Willshire,lwillshire4x@macromedia.com,,761
179,Demetris,Frew,dfrew4y@clickbank.net,gtuny6h@webmd.com,552
180,Cloris,Hrinishin,chrinishin4z@craigslist.org,,570
181,Gennie,Minto,gminto50@imgur.com,,212
182,Wilmette,Parlett,wparlett51@latimes.com,,537
183,Carla,Anderbrugge,canderbrugge52@imdb.com,,509
184,Luce,Lidell,llidell53@yale.edu,hvaggsiw@discuz.net,848
185,Serena,Bergstrand,sbergstrand54@paginegialle.it,,334
186,Mufi,Hamsher,mhamsher55@chicagotribune.com,,121
187,Ashely,Pirazzi,apirazzi56@dyndns.org,,849
188,Dani,Saph,dsaph57@usa.gov,bfyrthdx@cnbc.com,282
189,Phillida,Pattle,ppattle58@goo.ne.jp,,142
190,Patric,Lindup,plindup59@narod.ru,,777
191,Neala,Jorcke,njorcke5a@mediafire.com,,801
192,Prescott,Dubbin,pdubbin5b@cocolog-nifty.com,,353
193,Calvin,Rubinsztein,crubinsztein5c@addtoany.com,,665
194,Rachel,Bisterfeld,rbisterfeld5d@nationalgeographic.com,,883
195,Caro,Faughny,cfaughny5e@shareasale.com,,494
196,Benedict,Leedes,bleedes5f@yahoo.com,,704
197,Gib,Drage,gdrage5g@nhs.uk,,981
198,Hervey,Duding,hduding5h@wufoo.com,,380
199,Vinni,Gaines,vgaines5i@princeton.edu,,461
200,Filip,Jopling,fjopling5j@comsenz.com,,603
201,Weber,Spinozzi,wspinozzi5k@nasa.gov,,226
202,Egor,McCutcheon,emccutcheon5l@usa.gov,,884
203,Allyce,Reuter,areuter5m@smh.com.au,fbleythin5s@ameblo.jp,336
204,Nannette,Mughal,nmughal5n@mozilla.org,,942
205,Doe,Janu,djanu5o@phoca.cz,,67
206,Simone,Powton,spowton5p@unblog.fr,,622
207,Kalindi,Follacaro,kfollacaro5q@ft.com,aostickoy@berkeley.edu,347
208,Leslie,Ralston,lralston5r@123-reg.co.uk,,826
209,Fanny,Bleythin,fbleythin5s@ameblo.jp,,822
210,Ileana,Zolini,izolini5t@de.vu,,739
211,Pepita,Tallon,ptallon5u@list-manage.com,,188
212,Dawna,Sidey,dsidey5v@posterous.com,,801
213,Pierson,Gimeno,pgimeno5w@accuweather.com,,594
214,Adelheid,Fredi,afredi5x@posterous.com,,202
215,Yuma,Trevarthen,ytrevarthen5y@salon.com,smardenf7@marketwatch.com,57
216,Stewart,Billison,sbillison5z@springer.com,lralston5r@123-reg.co.uk,11
217,Shepherd,Castledine,scastledine60@1und1.de,,127
218,Stefanie,De Blase,sdeblase61@livejournal.com,,783
219,Bunny,Barti,bbarti62@oakley.com,,505
220,Emelda,Buller,ebuller63@zimbio.com,,120
221,Lorrayne,Dunhill,ldunhill64@cdc.gov,cpardiek7@t-online.de,905
222,Jacquelyn,Chattey,jchattey65@dyndns.org,bhaughinhx@woothemes.com,585
223,Pace,Clardge,pclardge66@angelfire.com,,721
224,Liv,Soares,lsoares67@oakley.com,,774
225,Hall,Harlock,hharlock68@ted.com,,215
226,Arv,Iacavone,aiacavone69@dropbox.com,,750
227,Chloe,Vreede,cvreede6a@redcross.org,,354
228,Neddy,Wrate,nwrate6b@omniture.com,,75
229,Manfred,Audry,maudry6c@ucla.edu,,619
230,Eddy,Sextie,esextie6d@phoca.cz,,770
231,Tildy,Southall,tsouthall6e@japanpost.jp,,793
232,Gael,Schiefersten,gschiefersten6f@sakura.ne.jp,oscarsbrookiq@wikispaces.com,393
233,Ortensia,Cayette,ocayette6g@weebly.com,areuter5m@smh.com.au,939
234,Gabie,Tuny,gtuny6h@webmd.com,,756
235,Stuart,Kleimt,skleimt6i@hostgator.com,,950
236,Jordan,Ivankov,jivankov6j@upenn.edu,,824
237,Clem,Hercules,chercules6k@sourceforge.net,,697
238,Fancy,Paulazzi,fpaulazzi6l@businessinsider.com,,958
239,Nickolaus,Cazalet,ncazalet6m@epa.gov,wgranhamds@deliciousdays.com,570
240,Massimiliano,Brunesco,mbrunesco6n@hubpages.com,,218
241,Maurine,Carlo,mcarlo6o@networksolutions.com,,587
242,Willi,Ladon,wladon6p@spotify.com,khalpeineft@creativecommons.org,711
243,Carri,Strettle,cstrettle6q@addtoany.com,gtuny6h@webmd.com,532
244,Charles,Trenbay,ctrenbay6r@stumbleupon.com,,58
245,Marney,Fowls,mfowls6s@berkeley.edu,,868
246,Nickolaus,Apthorpe,napthorpe6t@cbslocal.com,,139
247,Glenna,Melato,gmelato6u@bandcamp.com,,443
248,Imogene,Dienes,idienes6v@economist.com,,818
249,Dionysus,Fechnie,dfechnie6w@ox.ac.uk,,425
250,Ruthe,Preshaw,rpreshaw6x@about.me,,20
251,Gay,Kinde,gkinde6y@spiegel.de,,772
252,Ky,Feely,kfeely6z@gizmodo.com,,43
253,Humberto,Adamiak,hadamiak70@mysql.com,,285
254,Jocko,Jesteco,jjesteco71@va.gov,,527
255,Lyman,McRobert,lmcrobert72@csmonitor.com,,505
256,Cece,Benasik,cbenasik73@behance.net,dtwomeylh@time.com,608
257,Janie,Mellish,jmellish74@comsenz.com,,920
258,Emmery,Sampey,esampey75@multiply.com,,194
259,Flss,Axon,faxon76@so-net.ne.jp,cgoodiera0@redcross.org,351
260,Earlie,Pumfrett,epumfrett77@blinklist.com,,864
261,Leena,Dorricott,ldorricott78@feedburner.com,,699
262,Priscilla,Engelmann,pengelmann79@4shared.com,,514
263,Alison,Bleby,ableby7a@ihg.com,,276
264,Maggi,Belcham,mbelcham7b@ucsd.edu,,651
265,Andromache,Pabelik,apabelik7c@comsenz.com,,375
266,Katha,Lovemore,klovemore7d@pinterest.com,,879
267,Bertrando,Gynni,bgynni7e@pen.io,afawdreyd9@google.co.jp,622
268,Hillard,Mahody,hmahody7f@illinois.edu,fkingzet11@europa.eu,216
269,Lenora,Wedon,lwedon7g@slideshare.net,,143
270,Toma,Boydle,tboydle7h@aol.com,,533
271,Gwenore,Swede,gswede7i@independent.co.uk,,539
272,Danny,Enticott,denticott7j@issuu.com,,947
273,Gennie,Barmadier,gbarmadier7k@wisc.edu,,56
274,Johanna,Beat,jbeat7l@businessweek.com,,324
275,Harmony,Sappell,hsappell7m@dedecms.com,kbriggshm@dot.gov,43
276,Keefe,Laurance,klaurance7n@vistaprint.com,mkrugerkb@mail.ru,604
277,Janeta,Mallalieu,jmallalieu7o@amazonaws.com,rmatzkaitisdf@bizjournals.com,920
278,Gale,Smitten,gsmitten7p@alexa.com,lshireih@sina.com.cn,935
279,Charmine,Grellier,cgrellier7q@ihg.com,tahrendfd@dropbox.com,470
280,Micheil,Ponte,mponte7r@flavors.me,fkleinplacob@unblog.fr,80
281,Sidonnie,Purcell,spurcell7s@tmall.com,,365
282,Junina,Benfell,jbenfell7t@comsenz.com,,524
283,Jelene,Davitashvili,jdavitashvili7u@etsy.com,,597
284,Aime,Gritland,agritland7v@ycombinator.com,,964
285,Virgilio,Dering,vdering7w@biblegateway.com,,119
286,Rafa,Friedlos,rfriedlos7x@sciencedirect.com,djanu5o@phoca.cz,250
287,Suki,Crunden,scrunden7y@seesaa.net,hsappell7m@dedecms.com,719
288,Twila,Eskriett,teskriett7z@nps.gov,,518
289,Juliette,Coney,jconey80@bloomberg.com,,586
290,Cissy,Shinner,cshinner81@wunderground.com,adominypb@yahoo.com,766
291,Ives,Oddey,ioddey82@europa.eu,tloanjh@independent.co.uk,60
292,Starlene,Yanuk,syanuk83@europa.eu,,445
293,Lilyan,Castletine,lcastletine84@jimdo.com,,588
294,Rabi,Kubach,rkubach85@trellian.com,,963
295,Chevalier,Sargeant,csargeant86@foxnews.com,pbortoluttiea@lulu.com,963
296,Melly,Celiz,mceliz87@jiathis.com,,175
297,Eugene,Piddock,epiddock88@samsung.com,,506
298,Ivan,Surcombe,isurcombe89@amazon.co.uk,,872
299,Ingmar,Thorne,ithorne8a@amazonaws.com,,983
300,Kylie,Yeoland,kyeoland8b@wordpress.com,,268
301,Rafaelita,Lorkins,rlorkins8c@chicagotribune.com,nlinzeyrd@gnu.org,408
302,Della,Gerlts,dgerlts8d@devhub.com,,643
303,Shermie,Durnill,sdurnill8e@elegantthemes.com,,978
304,Valeda,Clausius,vclausius8f@prnewswire.com,edandreaqq@istockphoto.com,576
305,Vickie,Petersen,vpetersen8g@blogtalkradio.com,,142
306,Jessamine,Matuszinski,jmatuszinski8h@washingtonpost.com,,854
307,Tessa,Boyford,tboyford8i@livejournal.com,,591
308,Dianne,Hessay,dhessay8j@artisteer.com,,857
309,Bary,Kyttor,bkyttor8k@flickr.com,dbeynek5@fotki.com,283
310,Eden,Greenall,egreenall8l@tiny.cc,bsaltmanip@instagram.com,794
311,Hugh,Pencott,hpencott8m@state.tx.us,,754
312,Gustie,Skalls,gskalls8n@arizona.edu,,605
313,Junie,Scarrott,jscarrott8o@mashable.com,alaven20@hibu.com,416
314,Hyatt,Bowton,hbowton8p@patch.com,bendenoq@w3.org,259
315,Mortimer,Poxon,mpoxon8q@printfriendly.com,,186
316,Konstance,Pilch,kpilch8r@discovery.com,,726
317,Annabell,Fydoe,afydoe8s@blogger.com,jtroutd3@msn.com,894
318,Cecil,Cush,ccush8t@ebay.com,,823
319,Dickie,Phythien,dphythien8u@issuu.com,,145
320,Aldo,Woodrup,awoodrup8v@tripod.com,,826
321,Anthea,Lovart,alovart8w@1und1.de,,889
322,Daphene,Lucken,dlucken8x@japanpost.jp,aharsesb9@google.com.hk,988
323,Ker,Mallall,kmallall8y@ebay.com,,162
324,Rance,Klosterman,rklosterman8z@wiley.com,,201
325,Nicoli,Vacher,nvacher90@bandcamp.com,,38
326,Fan,Boule,fboule91@desdev.cn,,268
327,Davide,Scotchbrook,dscotchbrook92@cdbaby.com,,741
328,Farica,Byron,fbyron93@tuttocitta.it,,284
329,Fredelia,Harrowell,fharrowell94@godaddy.com,,516
330,Arvin,Pendleton,apendleton95@ocn.ne.jp,,390
331,Scottie,Gostage,sgostage96@tuttocitta.it,,983
332,Nefen,Lydall,nlydall97@icio.us,,658
333,Missie,Hunt,mhunt98@blog.com,,770
334,Pietrek,Tungate,ptungate99@netvibes.com,gschiefersten6f@sakura.ne.jp,78
335,Sullivan,Vant,svant9a@aboutads.info,,931
336,Glori,Lorrimer,glorrimer9b@tumblr.com,,819
337,Kellby,Mayler,kmayler9c@eepurl.com,,325
338,Katine,Sonner,ksonner9d@nytimes.com,ebiaggionign@ebay.co.uk,308
339,Kienan,Goadbie,kgoadbie9e@tumblr.com,,701
340,Robinette,Golling,rgolling9f@amazonaws.com,,38
341,Sally,Keling,skeling9g@tumblr.com,,423
342,Fidole,Lickess,flickess9h@mlb.com,,254
343,Chloette,Hirsthouse,chirsthouse9i@posterous.com,,280
344,Claiborn,Girardeau,cgirardeau9j@w3.org,,415
345,Gherardo,Drakers,gdrakers9k@mac.com,,452
346,Kimberly,Loft,kloft9l@latimes.com,flickess9h@mlb.com,154
347,Vivyan,Bretherick,vbretherick9m@howstuffworks.com,,693
348,Stevena,Anthon,santhon9n@webeden.co.uk,,469
349,Alano,Goudge,agoudge9o@people.com.cn,,640
350,Lyell,Scriven,lscriven9p@toplist.cz,,646
351,Andria,Wornham,awornham9q@shareasale.com,,350
352,Mohandis,Laidler,mlaidler9r@goo.gl,,710
353,Krystalle,De Stoop,kdestoop9s@mysql.com,,193
354,Stevie,Bloxham,sbloxham9t@adobe.com,,589
355,Doreen,Vlasov,dvlasov9u@epa.gov,mbleins@printfriendly.com,333
356,Bunny,Frame,bframe9v@cnn.com,,414
357,Wileen,Defries,wdefries9w@spiegel.de,,442
358,Kyle,Thain,kthain9x@google.com.hk,thutleylz@chicagotribune.com,8
359,Gerry,Satterthwaite,gsatterthwaite9y@msn.com,cdovidaitisj2@facebook.com,506
360,Sherm,Jackways,sjackways9z@blogspot.com,okiehneng@booking.com,121
361,Curran,Goodier,cgoodiera0@redcross.org,,852
362,Letta,Crother,lcrothera1@admin.ch,,616
363,Felicia,Wayland,fwaylanda2@cmu.edu,,874
364,Angie,Cotte,acottea3@cornell.edu,,463
365,Jabez,Tainton,jtaintona4@360.cn,,828
366,Ruperta,Kirgan,rkirgana5@topsy.com,,424
367,Georgia,Arnao,garnaoa6@comcast.net,,443
368,Etan,Mulran,emulrana7@scribd.com,,542
369,Tracee,Limmer,tlimmera8@bbc.co.uk,bnorthropbn@edublogs.org,629
370,Nanci,Penvarne,npenvarnea9@dagondesign.com,,122
371,Wainwright,Nan Carrow,wnancarrowaa@wiley.com,,818
372,Marguerite,Mattiassi,mmattiassiab@163.com,tantoniazzib8@jalbum.net,969
373,Zollie,Tweed,ztweedac@jiathis.com,dmcgeachieg2@hao123.com,718
374,Andreas,Bes,abesad@ehow.com,,839
375,Brina,Matteuzzi,bmatteuzziae@nydailynews.com,,461
376,Cristine,Servis,cservisaf@walmart.com,,782
377,Jobey,Connelly,jconnellyag@ca.gov,,522
378,Leora,Gelling,lgellingah@prnewswire.com,,194
379,Maje,Ferdinand,mferdinandai@sciencedaily.com,,71
380,Benoite,Follit,bfollitaj@alexa.com,,561
381,Adrianne,Gianetti,agianettiak@thetimes.co.uk,,476
382,Butch,Bradnocke,bbradnockeal@4shared.com,,970
383,Payton,Bertolin,pbertolinam@wired.com,,548
384,Zitella,Arnoll,zarnollan@pagesperso-orange.fr,lshireih@sina.com.cn,665
385,Garvy,Emlyn,gemlynao@fc2.com,,654
386,Kesley,Foad,kfoadap@businesswire.com,,208
387,Lettie,Quare,lquareaq@vkontakte.ru,,238
388,Titus,Bushell,tbushellar@bigcartel.com,,229
389,Tedman,Beazley,tbeazleyas@toplist.cz,,468
390,Beitris,Aleksandrev,baleksandrevat@smh.com.au,,219
391,Gordan,Bane,gbaneau@intel.com,,75
392,Moishe,Say,msayav@addtoany.com,,88
393,Orelia,Daud,odaudaw@indiatimes.com,,805
394,Cello,Nobes,cnobesax@pagesperso-orange.fr,,34
395,Dame,Cardoo,dcardooay@mapquest.com,,763
396,Guillema,Coltan,gcoltanaz@google.co.jp,,994
397,Berty,Plumridge,bplumridgeb0@gnu.org,,996
398,Tadeo,Gettings,tgettingsb1@ow.ly,dperksov@biglobe.ne.jp,208
399,Mady,Allsup,mallsupb2@webmd.com,,239
400,Tonya,Sooper,tsooperb3@so-net.ne.jp,,483
401,Kellina,Kuschek,kkuschekb4@salon.com,,520
402,Penn,Schaffler,pschafflerb5@blogtalkradio.com,,979
403,Bel,Tipper,btipperb6@ning.com,,38
404,Edik,Gooderham,egooderhamb7@angelfire.com,,202
405,Tansy,Antoniazzi,tantoniazzib8@jalbum.net,,732
406,Annemarie,Harses,aharsesb9@google.com.hk,,602
407,Izzy,Reaman,ireamanba@usatoday.com,,568
408,Vaclav,Benny,vbennybb@fema.gov,,611
409,Cissy,Castledine,ccastledinebc@hugedomains.com,,415
410,Hersh,Jarred,hjarredbd@harvard.edu,,271
411,Karol,McGinlay,kmcginlaybe@technorati.com,,784
412,Garry,Catonne,gcatonnebf@washingtonpost.com,,166
413,Timmie,Paradine,tparadinebg@i2i.jp,,681
414,Gwenny,Oliveras,goliverasbh@adobe.com,,726
415,Riley,Marcoolyn,rmarcoolynbi@cbc.ca,,384
416,Kay,Ellingsworth,kellingsworthbj@imdb.com,,360
417,Burch,Gorch,bgorchbk@ft.com,dmallanf3@uiuc.edu,885
418,Flem,Croci,fcrocibl@about.com,,502
419,Lorens,Purse,lpursebm@cbsnews.com,,927
420,Blisse,Northrop,bnorthropbn@edublogs.org,,766
421,Rori,Sichardt,rsichardtbo@addtoany.com,,398
422,Nanine,Triplett,ntriplettbp@harvard.edu,erichardeti3@zimbio.com,487
423,Marris,Budgeon,mbudgeonbq@ovh.net,,975
424,Augie,Dionisi,adionisibr@netlog.com,,540
425,Kenyon,Sibyllina,ksibyllinabs@dailymotion.com,,539
426,Clementius,Winridge,cwinridgebt@reference.com,,243
427,Lyn,Malletratt,lmalletrattbu@github.com,,118
428,Cris,Spykins,cspykinsbv@umn.edu,,989
429,Fifine,Hofer,fhoferbw@1und1.de,,628
430,Verne,Yeskin,vyeskinbx@ask.com,,371
431,Nappy,Garmans,ngarmansby@nature.com,,268
432,Claudelle,Cheley,ccheleybz@huffingtonpost.com,,558
433,Arline,Melvin,amelvinc0@ucoz.ru,gdrakers9k@mac.com,605
434,Hakim,Badam,hbadamc1@noaa.gov,,86
435,Kirbie,Larcombe,klarcombec2@tripod.com,,837
436,Layne,Jerger,ljergerc3@hp.com,,246
437,Nita,Brittan,nbrittanc4@senate.gov,jdaddqk@youtube.com,630
438,Carita,Truesdale,ctruesdalec5@pinterest.com,,163
439,Brittne,O'Connel,boconnelc6@theglobeandmail.com,,861
440,Wally,Seward,wsewardc7@trellian.com,,924
441,Felice,de Courcey,fdecourceyc8@yelp.com,,369
442,Evangelin,Grosvenor,egrosvenorc9@ed.gov,,861
443,Dru,Coop,dcoopca@dion.ne.jp,,84
444,Violante,Charlet,vcharletcb@friendfeed.com,,730
445,Zuzana,Portis,zportiscc@cnet.com,,395
446,Rollins,Corselles,rcorsellescd@tmall.com,,338
447,Tomasine,Candlin,tcandlince@printfriendly.com,ctongem5@discuz.net,425
448,Cindee,MacCartney,cmaccartneycf@nih.gov,,156
449,Nessa,Rajchert,nrajchertcg@sohu.com,,381
450,Zelma,Laraway,zlarawaych@imgur.com,,315
451,Charita,Hornung,chornungci@odnoklassniki.ru,,765
452,Tobe,Bolstridge,tbolstridgecj@craigslist.org,,194
453,Dorolice,Blabey,dblabeyck@telegraph.co.uk,fwaylanda2@cmu.edu,940
454,Amandie,O'Lunney,aolunneycl@goo.gl,,163
455,Agnese,Ellsbury,aellsburycm@youku.com,,256
456,Michel,Paslow,mpaslowcn@mapy.cz,,907
457,Raoul,Whitrod,rwhitrodco@a8.net,dbangerdu@chron.com,323
458,Ailey,Zettoi,azettoicp@forbes.com,,800
459,Clemente,Aitchinson,caitchinsoncq@desdev.cn,,796
460,Amberly,Cadagan,acadagancr@ucsd.edu,,247
461,Bill,Farge,bfargecs@blog.com,,129
462,Darnall,Pays,dpaysct@theglobeandmail.com,,693
463,Justis,Antonutti,jantonutticu@va.gov,,291
464,Todd,Overthrow,toverthrowcv@last.fm,cgoodiera0@redcross.org,947
465,Tuesday,Whitelock,twhitelockcw@newyorker.com,,308
466,Elias,Widdicombe,ewiddicombecx@dailymail.co.uk,,463
467,Inger,Le Sieur,ilesieurcy@wunderground.com,,723
468,Kaitlyn,Hessel,khesselcz@amazon.co.uk,,903
469,Renie,Brambell,rbrambelld0@ustream.tv,,602
470,Hiram,Cullinan,hcullinand1@multiply.com,dgroundwaterm2@alexa.com,429
471,Carolynn,Padson,cpadsond2@berkeley.edu,,375
472,Judye,Trout,jtroutd3@msn.com,,843
473,Maggee,Skeemer,mskeemerd4@shop-pro.jp,ekirman2k@desdev.cn,110
474,Fidel,Dingivan,fdingivand5@usnews.com,,844
475,Sondra,Turk,sturkd6@oaic.gov.au,fdaalfj@google.com.au,434
476,Lamont,Taggett,ltaggettd7@yandex.ru,,434
477,Phylis,Krollman,pkrollmand8@jugem.jp,aeirwinln@dmoz.org,895
478,Abramo,Fawdrey,afawdreyd9@google.co.jp,,945
479,Jeana,Verling,jverlingda@e-recht24.de,,879
480,Xever,Wabb,xwabbdb@marketwatch.com,,862
481,Hedvig,Mushawe,hmushawedc@youku.com,,830
482,Igor,Crease,icreasedd@ftc.gov,,470
483,Rodger,Perigoe,rperigoede@1und1.de,,779
484,Rosemarie,Matzkaitis,rmatzkaitisdf@bizjournals.com,,848
485,Nobe,Tupper,ntupperdg@buzzfeed.com,,630
486,Vale,Druery,vdruerydh@amazonaws.com,,190
487,Nancey,Ferroni,nferronidi@acquirethisname.com,,562
488,Matty,Veryard,mveryarddj@exblog.jp,,591
489,Alaine,Hayle,ahayledk@sphinn.com,,582
490,Ninetta,Bampforth,nbampforthdl@comcast.net,,556
491,Oralee,Baniard,obaniarddm@printfriendly.com,,583
492,Ellerey,Aronson,earonsondn@e-recht24.de,,461
493,Rance,Romain,rromaindo@wiley.com,,926
494,Gelya,Whyman,gwhymandp@godaddy.com,ithorne8a@amazonaws.com,973
495,Erskine,Izzatt,eizzattdq@yolasite.com,,911
496,Augie,Bercevelo,abercevelodr@msn.com,,181
497,Willi,Granham,wgranhamds@deliciousdays.com,,233
498,Elsi,Woodrooffe,ewoodrooffedt@technorati.com,,255
499,Diann,Banger,dbangerdu@chron.com,bmatteuzziae@nydailynews.com,644
500,Veda,Elcott,velcottdv@nifty.com,,686
501,Lynnelle,Engel,lengeldw@pcworld.com,,16
502,Buddy,Fyrth,bfyrthdx@cnbc.com,,589
503,Karna,Gookes,kgookesdy@dailymotion.com,cgirardeau9j@w3.org,29
504,Daile,Eaglesham,deagleshamdz@live.com,,233
505,Devy,Warin,dwarine0@ucsd.edu,,720
506,Reese,Smowton,rsmowtone1@t.co,,846
507,Angel,Ovenell,aovenelle2@sciencedaily.com,,84
508,Bondon,Mattis,bmattise3@thetimes.co.uk,,930
509,Shep,Gyenes,sgyenese4@thetimes.co.uk,,810
510,Katee,Godard,kgodarde5@stumbleupon.com,ceburneky@usgs.gov,645
511,Shari,Russon,srussone6@auda.org.au,nschuelcke17@people.com.cn,459
512,Lenore,Passler,lpasslere7@gravatar.com,,799
513,Tamarah,Darville,tdarvillee8@marriott.com,,195
514,Keriann,Dyter,kdytere9@biblegateway.com,,481
515,Pembroke,Bortolutti,pbortoluttiea@lulu.com,,160
516,Estell,Whittet,ewhitteteb@buzzfeed.com,,563
517,Pyotr,Highton,phightonec@miitbeian.gov.cn,,862
518,Noelani,Estick,nesticked@webeden.co.uk,,399
519,Chev,Warbys,cwarbysee@zimbio.com,,119
520,Sayre,Korejs,skorejsef@state.tx.us,nrycraft2t@sciencedaily.com,432
521,Frayda,Featherstone,ffeatherstoneeg@nasa.gov,,935
522,Codi,Clench,cclencheh@bluehost.com,,257
523,Olav,Rablan,orablanei@hubpages.com,,224
524,Drusy,Caston,dcastonej@stumbleupon.com,,57
525,Broderick,Wilkennson,bwilkennsonek@digg.com,,51
526,Kelli,Bassick,kbassickel@usda.gov,aspreag4c@ameblo.jp,641
527,Whittaker,Bellow,wbellowem@imgur.com,,419
528,Gerardo,Vaskin,gvaskinen@cnet.com,idienes6v@economist.com,639
529,Stephenie,Spinella,sspinellaeo@cloudflare.com,,917
530,Aleda,Paling,apalingep@bloglines.com,,210
531,Letti,Hatton,lhattoneq@apache.org,,360
532,Otes,Chatteris,ochatteriser@toplist.cz,,640
533,Quinton,Caldeyroux,qcaldeyrouxes@last.fm,,646
534,Even,Ludovici,eludoviciet@drupal.org,,127
535,Woodman,Seman,wsemaneu@homestead.com,,443
536,Ev,Proven,eprovenev@cnn.com,,925
537,Burk,Kubatsch,bkubatschew@quantcast.com,,643
538,Ailey,Blincko,ablinckoex@hubpages.com,,163
539,Davita,Stokoe,dstokoeey@opensource.org,,185
540,Taite,Crocetti,tcrocettiez@slideshare.net,,533
541,Osbert,Heliot,oheliotf0@wp.com,,129
542,Cecilla,Kinneally,ckinneallyf1@seesaa.net,bfyrthdx@cnbc.com,252
543,Conrad,Dana,cdanaf2@berkeley.edu,,69
544,Doralyn,Mallan,dmallanf3@uiuc.edu,,157
545,Vernice,Swinyard,vswinyardf4@delicious.com,,236
546,Cam,Broe,cbroef5@barnesandnoble.com,,394
547,Feliza,Clouston,fcloustonf6@hc360.com,fginnerp4@infoseek.co.jp,984
548,Susy,Marden,smardenf7@marketwatch.com,mexton3n@tamu.edu,725
549,Derron,Orht,dorhtf8@tuttocitta.it,,349
550,Emmy,Brouard,ebrouardf9@fotki.com,,144
551,Petronella,Jaskowicz,pjaskowiczfa@archive.org,,153
552,Yuma,Pozzi,ypozzifb@illinois.edu,,45
553,Agnella,Lineker,alinekerfc@wiley.com,lpunchhi@cargocollective.com,874
554,Tobi,Ahrend,tahrendfd@dropbox.com,,62
555,Vonnie,Chave,vchavefe@pbs.org,,366
556,Myrtie,Jaksic,mjaksicff@linkedin.com,,239
557,Wayne,Ruffell,wruffellfg@techcrunch.com,,471
558,Urbain,Pisco,upiscofh@cbsnews.com,,33
559,Opalina,Bordone,obordonefi@wsj.com,,322
560,Fiona,Daal,fdaalfj@google.com.au,,537
561,Pier,Godsafe,pgodsafefk@amazon.com,ebirrel15@whitehouse.gov,879
562,Doralyn,Trangmar,dtrangmarfl@networkadvertising.org,,439
563,Karel,Lomb,klombfm@artisteer.com,,17
564,Anthia,Bonfield,abonfieldfn@nytimes.com,,613
565,Lamont,MacGray,lmacgrayfo@tinypic.com,,532
566,Austen,Joncic,ajoncicfp@godaddy.com,,950
567,Hale,Pohl,hpohlfq@imageshack.us,,101
568,Romy,Jeaves,rjeavesfr@blogtalkradio.com,,582
569,Sidonnie,Sawney,ssawneyfs@bing.com,,740
570,Korey,Halpeine,khalpeineft@creativecommons.org,,826
571,Germayne,Collopy,gcollopyfu@google.es,,381
572,Baron,Baroux,bbarouxfv@cloudflare.com,khordleju@tamu.edu,91
573,Any,Yantsurev,ayantsurevfw@51.la,,284
574,Reeba,Kelby,rkelbyfx@wsj.com,,895
575,Ferrell,Roselli,frosellify@constantcontact.com,,959
576,Hattie,Shane,hshanefz@networkadvertising.org,,310
577,Orland,Schulz,oschulzg0@reverbnation.com,,348
578,Yoko,Alltimes,yalltimesg1@vimeo.com,,714
579,Delmor,McGeachie,dmcgeachieg2@hao123.com,,256
580,Job,Windaybank,jwindaybankg3@seesaa.net,,92
581,Brana,Savory,bsavoryg4@alibaba.com,,888
582,Cynde,Garretson,cgarretsong5@so-net.ne.jp,,764
583,Omero,Caveney,ocaveneyg6@bloglines.com,dcastonej@stumbleupon.com,511
584,Hall,Mecozzi,hmecozzig7@shareasale.com,,263
585,Fergus,Gleaves,fgleavesg8@hao123.com,,898
586,Hi,Gimenez,hgimenezg9@techcrunch.com,mjossel2j@i2i.jp,765
587,Bourke,Weerdenburg,bweerdenburgga@reverbnation.com,,6
588,Karina,Cattermull,kcattermullgb@themeforest.net,,54
589,Meriel,Avard,mavardgc@qq.com,,376
590,Rudolf,Klaggeman,rklaggemangd@google.fr,,143
591,Merrilee,Harsum,mharsumge@mozilla.com,,689
592,Fred,Fenning,ffenninggf@ifeng.com,,29
593,Issiah,Cheyney,icheyneygg@cbslocal.com,gbaneau@intel.com,747
594,Noach,Dowrey,ndowreygh@businesswire.com,,571
595,Conney,Philo,cphilogi@com.com,,540
596,Melodee,Lynd,mlyndgj@seattletimes.com,,892
597,Tobye,Olivey,toliveygk@google.com.hk,tloanjh@independent.co.uk,682
598,Perle,Granville,pgranvillegl@patch.com,,592
599,Seamus,Boyes,sboyesgm@oaic.gov.au,,794
600,Elizabeth,Biaggioni,ebiaggionign@ebay.co.uk,,900
601,Wyndham,Parfitt,wparfittgo@prlog.org,ddodmankl@fda.gov,900
602,Paul,Atwel,patwelgp@printfriendly.com,,594
603,Jill,Franchioni,jfranchionigq@businesswire.com,,397
604,Flor,Gayne,fgaynegr@businessweek.com,,26
605,Aloise,Baylie,abayliegs@ucla.edu,,834
606,Akim,Crannell,acrannellgt@foxnews.com,,986
607,Staford,Wauchope,swauchopegu@ning.com,,811
608,Derby,Brelsford,dbrelsfordgv@purevolume.com,gtofpiki5@eventbrite.com,41
609,Tamarra,Davioud,tdavioudgw@opensource.org,,363
610,Jackquelin,Struys,jstruysgx@mashable.com,,451
611,Cesaro,Soanes,csoanesgy@ifeng.com,,947
612,Leese,Haistwell,lhaistwellgz@digg.com,,779
613,Kimmy,Fortoun,kfortounh0@hhs.gov,,872
614,Val,McKeggie,vmckeggieh1@tiny.cc,,181
615,Harvey,Blodg,hblodgh2@lycos.com,,735
616,Susy,Blodg,sblodgh3@is.gd,,20
617,Carlina,Brydone,cbrydoneh4@com.com,gjahnel4u@tmall.com,374
618,Cyndy,Buckwell,cbuckwellh5@ft.com,nesticked@webeden.co.uk,188
619,Marlene,Pavelin,mpavelinh6@prweb.com,,883
620,Mathian,Crosfeld,mcrosfeldh7@washington.edu,pballistern1@4shared.com,383
621,Rosie,Pennycock,rpennycockh8@bing.com,,691
622,Grazia,Lownsbrough,glownsbroughh9@pcworld.com,idienes6v@economist.com,550
623,Merwin,Hulbert,mhulbertha@creativecommons.org,,826
624,Maude,Brimilcome,mbrimilcomehb@dedecms.com,,457
625,Giacinta,Fronczak,gfronczakhc@wikispaces.com,lwarhurstq8@yale.edu,485
626,Wain,Leyman,wleymanhd@forbes.com,,340
627,Feodor,Daniello,fdaniellohe@marketwatch.com,,705
628,Hurley,Brims,hbrimshf@xing.com,mcarlo6o@networksolutions.com,617
629,Lorine,Whitley,lwhitleyhg@tripod.com,,168
630,Letisha,Cottel,lcottelhh@ask.com,,902
631,Lewie,Punch,lpunchhi@cargocollective.com,,50
632,Heinrick,Thieme,hthiemehj@elegantthemes.com,ldunhill64@cdc.gov,192
633,Jeffie,Lynas,jlynashk@desdev.cn,,731
634,Hamnet,Grigoliis,hgrigoliishl@usnews.com,,296
635,Karlotta,Briggs,kbriggshm@dot.gov,,621
636,Dev,Wareham,dwarehamhn@aol.com,acoxonk3@dailymotion.com,63
637,Elene,Shovlar,eshovlarho@sun.com,,6
638,Corinne,Follacaro,cfollacarohp@i2i.jp,,512
639,Cacilie,Latour,clatourhq@ca.gov,,862
640,Carmel,Keilloh,ckeillohhr@dell.com,,525
641,Malia,Stave,mstavehs@scientificamerican.com,dbeynek5@fotki.com,718
642,Aryn,Charley,acharleyht@wikipedia.org,,346
643,Farly,Birkmyr,fbirkmyrhu@netscape.com,,608
644,Kim,de Broke,kdebrokehv@unblog.fr,,248
645,Alexander,Dowers,adowershw@fema.gov,,649
646,Barnabas,Haughin,bhaughinhx@woothemes.com,,384
647,Maryjo,Faloon,mfaloonhy@tmall.com,htolfreyjg@state.tx.us,353
648,Kingsley,Lantry,klantryhz@a8.net,rlenzqw@pinterest.com,817
649,Kienan,Leehane,kleehanei0@howstuffworks.com,,509
650,Cob,Elliss,cellissi1@wufoo.com,,689
651,Tiffany,Joan,tjoani2@sogou.com,,514
652,Etienne,Richardet,erichardeti3@zimbio.com,,177
653,Belle,Marney,bmarneyi4@tinyurl.com,,923
654,Gualterio,Tofpik,gtofpiki5@eventbrite.com,gfockeskn@digg.com,331
655,Torrin,Vidloc,tvidloci6@wsj.com,,486
656,Amory,Dagg,adaggi7@issuu.com,,785
657,Ayn,Dixcee,adixceei8@bbb.org,,452
658,Sasha,Fritter,sfritteri9@yolasite.com,,841
659,Immanuel,Biesinger,ibiesingeria@wp.com,,739
660,Belinda,Bessant,bbessantib@netlog.com,dmassingberdnd@time.com,387
661,Dorian,Gilliver,dgilliveric@google.cn,,723
662,Zed,Braham,zbrahamid@ehow.com,,861
663,Zorah,Alejo,zalejoie@sun.com,,129
664,Joelynn,Ivimy,jivimyif@cyberchimps.com,cmorch2p@shareasale.com,540
665,Maison,Worviell,mworviellig@disqus.com,gjahnel4u@tmall.com,242
666,Laure,Shire,lshireih@sina.com.cn,,562
667,Ely,Gauge,egaugeii@acquirethisname.com,,401
668,Glyn,Eastcott,geastcottij@independent.co.uk,,804
669,Stephi,Cluatt,scluattik@cbc.ca,,544
670,Trumaine,Speedy,tspeedyil@ow.ly,,11
671,Dana,Viveash,dviveashim@ucsd.edu,,541
672,Prescott,MacMenamy,pmacmenamyin@statcounter.com,,634
673,Ludvig,Zorzetti,lzorzettiio@flickr.com,,51
674,Bartholemy,Saltman,bsaltmanip@instagram.com,,628
675,Ofelia,Scarsbrook,oscarsbrookiq@wikispaces.com,,646
676,Emmett,L'oiseau,eloiseauir@flavors.me,,501
677,Rockey,Scholz,rscholzis@examiner.com,,917
678,Gloriana,Wane,gwaneit@blog.com,,115
679,Celinka,Wyrall,cwyralliu@t-online.de,,981
680,Rivkah,De Vile,rdevileiv@alibaba.com,ckinneallyf1@seesaa.net,983
681,Haroun,Vaggs,hvaggsiw@discuz.net,,539
682,Barton,Dibdall,bdibdallix@craigslist.org,syanuk83@europa.eu,308
683,Oran,Berrey,oberreyiy@google.com.au,nwrate6b@omniture.com,20
684,Terrell,Wintle,twintleiz@4shared.com,,708
685,Homerus,Shipsey,hshipseyj0@wufoo.com,ceburneky@usgs.gov,847
686,Lola,Hugin,lhuginj1@amazon.com,hcullinand1@multiply.com,966
687,Clayson,Dovidaitis,cdovidaitisj2@facebook.com,,812
688,James,Porkiss,jporkissj3@github.com,,819
689,Arlen,Scoone,ascoonej4@ehow.com,,626
690,Kathrine,Rubes,krubesj5@seesaa.net,,356
691,Aggi,Stiffkins,astiffkinsj6@lycos.com,lquareaq@vkontakte.ru,762
692,Pip,Filippozzi,pfilippozzij7@vimeo.com,,162
693,Tedman,Till,ttillj8@spotify.com,,749
694,Manolo,Brussels,mbrusselsj9@aboutads.info,,935
695,Reeva,Dincke,rdinckeja@slideshare.net,,835
696,Lynn,Rivelon,lrivelonjb@yandex.ru,,160
697,Dean,Beard,dbeardjc@vkontakte.ru,,65
698,Diannne,Sink,dsinkjd@prweb.com,,815
699,Maggi,Haycox,mhaycoxje@paypal.com,,17
700,Nikolaus,Corsan,ncorsanjf@home.pl,srampleym6@51.la,938
701,Harcourt,Tolfrey,htolfreyjg@state.tx.us,jbenfell7t@comsenz.com,624
702,Tildy,Loan,tloanjh@independent.co.uk,,980
703,Matt,Matevosian,mmatevosianji@linkedin.com,,719
704,Tandie,Oxton,toxtonjj@phpbb.com,,827
705,Dasi,Selesnick,dselesnickjk@alibaba.com,,976
706,Celle,Ferrao,cferraojl@imgur.com,,611
707,Gnni,McGannon,gmcgannonjm@yahoo.co.jp,,114
708,Alix,Snelman,asnelmanjn@51.la,,842
709,Kylila,Frigout,kfrigoutjo@a8.net,,126
710,Collen,Graffin,cgraffinjp@deliciousdays.com,,863
711,Nertie,Housego,nhousegojq@gizmodo.com,,24
712,Gui,Odgaard,godgaardjr@netlog.com,,718
713,Lilli,Elsmore,lelsmorejs@tuttocitta.it,,81
714,Myrtice,Guidetti,mguidettijt@foxnews.com,,370
715,Katrinka,Hordle,khordleju@tamu.edu,,829
716,Jock,Croneen,jcroneenjv@guardian.co.uk,,426
717,Clemente,Kennham,ckennhamjw@nationalgeographic.com,mstavehs@scientificamerican.com,158
718,Adaline,Bulstrode,abulstrodejx@quantcast.com,,489
719,Alma,Doumerque,adoumerquejy@sina.com.cn,,1
720,Quincy,Spofford,qspoffordjz@economist.com,,839
721,Gerrie,Antley,gantleyk0@example.com,hninnis2q@mac.com,214
722,Dan,Mathis,dmathisk1@senate.gov,,939
723,Blisse,Pretti,bprettik2@illinois.edu,,97
724,Allis,Coxon,acoxonk3@dailymotion.com,,198
725,Bram,Tayspell,btayspellk4@newsvine.com,,575
726,Dacey,Beyne,dbeynek5@fotki.com,,930
727,Abram,Francescuccio,afrancescucciok6@zdnet.com,gfockeskn@digg.com,62
728,Carly,Pardie,cpardiek7@t-online.de,,267
729,Sula,Downing,sdowningk8@youku.com,,979
730,Garald,Marl,gmarlk9@people.com.cn,lbazeleypz@mlb.com,641
731,Paulina,Daddow,pdaddowka@gov.uk,,378
732,Moses,Kruger,mkrugerkb@mail.ru,naery1h@bbb.org,999
733,Myles,Leguey,mlegueykc@a8.net,dbangerdu@chron.com,650
734,Seana,Fruchon,sfruchonkd@ibm.com,,882
735,Evangeline,Kenn,ekennke@ning.com,,769
736,Glenna,Keaysell,gkeaysellkf@pagesperso-orange.fr,,560
737,Micheal,Farny,mfarnykg@photobucket.com,,419
738,Miner,Gosby,mgosbykh@discovery.com,,416
739,Roseann,Caplen,rcaplenki@ucla.edu,syanuk83@europa.eu,508
740,Nicolis,Beccera,nbeccerakj@behance.net,,592
741,Anette,Kas,akaskk@paypal.com,sevreux0@usnews.com,67
742,Dari,Dodman,ddodmankl@fda.gov,,938
743,Banky,Barby,bbarbykm@cam.ac.uk,,165
744,Gerda,Fockes,gfockeskn@digg.com,,205
745,Etienne,Ishaki,eishakiko@columbia.edu,rdangelilf@slate.com,528
746,Neddie,Sandys,nsandyskp@shareasale.com,,501
747,Alika,Rafter,arafterkq@infoseek.co.jp,,882
748,Maurine,Masserel,mmasserelkr@ft.com,,525
749,Reagen,Ralphs,rralphsks@ibm.com,mmunnion4w@shutterfly.com,527
750,Aurel,Baughn,abaughnkt@arizona.edu,,695
751,Laurene,Schultze,lschultzeku@walmart.com,,907
752,Thatch,Huckleby,thucklebykv@t-online.de,,30
753,Desdemona,Gosnay,dgosnaykw@accuweather.com,,730
754,Bendite,Kenan,bkenankx@examiner.com,,655
755,Catlin,Eburne,ceburneky@usgs.gov,,141
756,Elysha,Ettritch,eettritchkz@bandcamp.com,,6
757,Alisander,Ashelford,aashelfordl0@csmonitor.com,,690
758,Obadiah,Guilloud,oguilloudl1@baidu.com,,268
759,Devonna,Boness,dbonessl2@github.io,,43
760,Moshe,Batcheldor,mbatcheldorl3@buzzfeed.com,,74
761,Wilt,Penny,wpennyl4@yandex.ru,,955
762,Giff,Culwen,gculwenl5@samsung.com,,912
763,Boyd,Rowdell,browdelll6@slideshare.net,,575
764,Ginnifer,Horstead,ghorsteadl7@feedburner.com,,876
765,Ashla,Tchaikovsky,atchaikovskyl8@ucla.edu,,455
766,Randie,Enser,renserl9@de.vu,,206
767,Jonis,Svanetti,jsvanettila@delicious.com,,862
768,Carling,Theurer,ctheurerlb@home.pl,,603
769,Mehetabel,Learmont,mlearmontlc@mayoclinic.com,,558
770,Kakalina,Jansa,kjansald@google.nl,,566
771,Winonah,Rapley,wrapleyle@reference.com,,609
772,Ritchie,D'Angeli,rdangelilf@slate.com,wsewardc7@trellian.com,340
773,Annamarie,Chainey,achaineylg@zimbio.com,dorhtf8@tuttocitta.it,144
774,Dietrich,Twomey,dtwomeylh@time.com,,553
775,Lenna,Kupisz,lkupiszli@posterous.com,,388
776,Chane,Thinn,cthinnlj@addthis.com,,946
777,Aleen,McCluney,amccluneylk@redcross.org,,274
778,Zora,Grishkov,zgrishkovll@eventbrite.com,alovart8w@1und1.de,306
779,Leonhard,Reeders,lreederslm@purevolume.com,abrennansos@mediafire.com,887
780,Archambault,Eirwin,aeirwinln@dmoz.org,oschulzg0@reverbnation.com,556
781,Joellen,D'Enrico,jdenricolo@jimdo.com,,714
782,Cello,Sharer,csharerlp@kickstarter.com,,193
783,Nettle,Giff,ngifflq@nifty.com,,244
784,Jilli,Stener,jstenerlr@shop-pro.jp,,69
785,Weston,Storrier,wstorrierls@discovery.com,,26
786,Tierney,Somerbell,tsomerbelllt@themeforest.net,,309
787,Cammy,MacInherney,cmacinherneylu@cam.ac.uk,,361
788,Isabel,Ionesco,iionescolv@alexa.com,,238
789,Ginevra,Papps,gpappslw@mashable.com,,981
790,Franz,Copnar,fcopnarlx@jimdo.com,,340
791,Guillema,Ambrogio,gambrogioly@arizona.edu,bbayliemz@google.com.br,460
792,Tracey,Hutley,thutleylz@chicagotribune.com,wbaldrickd@creativecommons.org,112
793,Bonnibelle,Wrankling,bwranklingm0@tumblr.com,,488
794,Avrit,Ansill,aansillm1@vk.com,,722
795,Derby,Groundwater,dgroundwaterm2@alexa.com,,513
796,Brianna,Kiddie,bkiddiem3@baidu.com,nbeccerakj@behance.net,940
797,Victor,Carnie,vcarniem4@artisteer.com,,946
798,Cordey,Tonge,ctongem5@discuz.net,,920
799,Shina,Rampley,srampleym6@51.la,,768
800,Ninnette,Simionato,nsimionatom7@xrea.com,,701
801,Colleen,Durie,cduriem8@artisteer.com,,44
802,Abagael,Athow,aathowm9@de.vu,,68
803,Darrel,Longstreeth,dlongstreethma@sciencedaily.com,,623
804,Brad,Mincini,bmincinimb@google.it,,639
805,Dorree,McAteer,dmcateermc@reverbnation.com,,781
806,Almeria,Hodges,ahodgesmd@weebly.com,,882
807,Phaidra,Scarisbrick,pscarisbrickme@ted.com,jchattey65@dyndns.org,70
808,Blanch,Hacquoil,bhacquoilmf@fema.gov,,808
809,Lynnette,Hawarden,lhawardenmg@twitpic.com,,707
810,Van,Jako,vjakomh@merriam-webster.com,,834
811,Mordy,McQuode,mmcquodemi@ibm.com,,722
812,Vally,Gerish,vgerishmj@webs.com,,184
813,Drusilla,Scotford,dscotfordmk@eepurl.com,apirazzi56@dyndns.org,788
814,Glad,Keys,gkeysml@oracle.com,,448
815,Lenette,Aplin,laplinmm@jugem.jp,,224
816,Isidoro,Capstack,icapstackmn@netscape.com,,550
817,Sandro,Tocque,stocquemo@si.edu,,493
818,Reiko,Pogson,rpogsonmp@plala.or.jp,kdebrokehv@unblog.fr,649
819,Dominique,Turmall,dturmallmq@fastcompany.com,jcuolahanp0@unblog.fr,889
820,Berton,Quaintance,bquaintancemr@hugedomains.com,,677
821,Shepherd,Pessold,spessoldms@acquirethisname.com,,989
822,Ariadne,Wimlet,awimletmt@un.org,,965
823,Stacy,Locard,slocardmu@npr.org,,174
824,Tyler,Barson,tbarsonmv@addthis.com,,847
825,Binny,Hesbrook,bhesbrookmw@vimeo.com,,385
826,Bernadine,Kellaway,bkellawaymx@about.com,,45
827,Alford,Estabrook,aestabrookmy@furl.net,nsandyskp@shareasale.com,35
828,Broderic,Baylie,bbayliemz@google.com.br,,535
829,Peder,Grastye,pgrastyen0@tuttocitta.it,,531
830,Penn,Ballister,pballistern1@4shared.com,,410
831,Latrena,Whotton,lwhottonn2@youku.com,,995
832,Chryste,Stothert,cstothertn3@over-blog.com,teskriett7z@nps.gov,699
833,Caresa,Howden,chowdenn4@ucla.edu,,828
834,Royall,Avramchik,ravramchikn5@smugmug.com,ndowreygh@businesswire.com,476
835,Mathias,Kobpac,mkobpacn6@surveymonkey.com,,37
836,Carroll,Shoorbrooke,cshoorbrooken7@chron.com,,90
837,Sisile,Pilley,spilleyn8@facebook.com,,904
838,Byrann,Brearley,bbrearleyn9@friendfeed.com,,153
839,Marthe,Dayton,mdaytonna@biglobe.ne.jp,,887
840,Cornall,Freestone,cfreestonenb@miitbeian.gov.cn,,380
841,Winonah,Lawday,wlawdaync@ocn.ne.jp,edebullionqu@smugmug.com,965
842,Diandra,Massingberd,dmassingberdnd@time.com,,209
843,Giacomo,Adamson,gadamsonne@smugmug.com,,417
844,Ileana,Glencrosche,iglencroschenf@feedburner.com,,255
845,Ozzie,Kiehne,okiehneng@booking.com,,590
846,Izaak,Rantoul,irantoulnh@ucoz.com,,194
847,Carmon,Penner,cpennerni@addthis.com,,800
848,Ethelind,Armfield,earmfieldnj@wikipedia.org,brheltonrg@google.it,108
849,Germaine,Mundee,gmundeenk@wikispaces.com,,189
850,Renie,Laxton,rlaxtonnl@diigo.com,,403
851,Hort,Bernlin,hbernlinnm@themeforest.net,,760
852,Thain,Long,tlongnn@i2i.jp,,971
853,Dona,Mepsted,dmepstedno@livejournal.com,,330
854,Danny,Lergan,dlergannp@altervista.org,,209
855,Alvinia,Davoren,adavorennq@buzzfeed.com,,260
856,Creigh,Burnside,cburnsidenr@alibaba.com,,287
857,My,Blei,mbleins@printfriendly.com,,138
858,Yale,Winfindale,ywinfindalent@uol.com.br,,539
859,Consolata,Priestley,cpriestleynu@dot.gov,wstorrierls@discovery.com,782
860,Miran,Ivancevic,mivancevicnv@webeden.co.uk,,664
861,Irwin,Benjafield,ibenjafieldnw@yellowbook.com,,305
862,Cherey,O'Cassidy,cocassidynx@so-net.ne.jp,dshuterr@bbc.co.uk,56
863,Katerine,Padkin,kpadkinny@mapy.cz,,518
864,Job,Rosendorf,jrosendorfnz@linkedin.com,,424
865,Tessi,Manach,tmanacho0@home.pl,,870
866,Philly,Zuker,pzukero1@gravatar.com,faxon76@so-net.ne.jp,836
867,Alla,Bartoshevich,abartoshevicho2@mlb.com,,254
868,Karlik,Lindenberg,klindenbergo3@constantcontact.com,,710
869,Shay,Jerwood,sjerwoodo4@geocities.com,bfyrthdx@cnbc.com,358
870,Claudie,Allward,callwardo5@ucoz.com,garnaoa6@comcast.net,605
871,Myrle,Bynert,mbynerto6@techcrunch.com,,541
872,Quillan,Ilyuchyov,qilyuchyovo7@sakura.ne.jp,,941
873,Dosi,Kedge,dkedgeo8@mashable.com,,9
874,Onida,Grishankov,ogrishankovo9@google.cn,,384
875,Dolley,Iddins,diddinsoa@wsj.com,,452
876,Federico,Kleinplac,fkleinplacob@unblog.fr,,526
877,Reynolds,Labone,rlaboneoc@cbslocal.com,,170
878,Janaya,Muncer,jmuncerod@opera.com,,339
879,Dreddy,Durbyn,ddurbynoe@thetimes.co.uk,,899
880,Dwayne,Tomaszynski,dtomaszynskiof@elegantthemes.com,,678
881,Bobbette,Grew,bgrewog@1688.com,,328
882,Goldi,Baxill,gbaxilloh@chicagotribune.com,,419
883,Briggs,Vischi,bvischioi@lycos.com,,531
884,Claudetta,Furphy,cfurphyoj@nsw.gov.au,,206
885,Zed,McLeese,zmcleeseok@friendfeed.com,ckennhamjw@nationalgeographic.com,165
886,Desiri,Cosins,dcosinsol@nifty.com,,85
887,Carley,Redit,creditom@sina.com.cn,,948
888,Binni,Garbutt,bgarbutton@sakura.ne.jp,feakly3e@toplist.cz,191
889,Yale,Ajean,yajeanoo@wunderground.com,,386
890,Nat,Sherston,nsherstonop@imgur.com,aeirwinln@dmoz.org,549
891,Berte,Enden,bendenoq@w3.org,fwaylanda2@cmu.edu,395
892,Millard,Mityashev,mmityashevor@umich.edu,,583
893,Amby,Brennans,abrennansos@mediafire.com,,300
894,Nerita,Rosentholer,nrosentholerot@yolasite.com,,7
895,Harcourt,Lodwig,hlodwigou@comcast.net,eprovenev@cnn.com,581
896,Dori,Perks,dperksov@biglobe.ne.jp,mbynerto6@techcrunch.com,400
897,Nadia,Ribou,nribouow@intel.com,,163
898,Sheffield,Proudlock,sproudlockox@biglobe.ne.jp,,882
899,Aime,Ostick,aostickoy@berkeley.edu,,973
900,Christian,Bradbrook,cbradbrookoz@netlog.com,,712
901,Johna,Cuolahan,jcuolahanp0@unblog.fr,scastledine60@1und1.de,67
902,Robinette,Janca,rjancap1@walmart.com,mhunt98@blog.com,601
903,Cymbre,Belvard,cbelvardp2@npr.org,,744
904,Hugues,Decruse,hdecrusep3@reverbnation.com,,341
905,Flinn,Ginner,fginnerp4@infoseek.co.jp,,995
906,Ellie,Vlasov,evlasovp5@diigo.com,,342
907,Ag,Marunchak,amarunchakp6@prweb.com,,583
908,Ginnifer,Benediktovich,gbenediktovichp7@blogspot.com,,732
909,Ann-marie,Mattussevich,amattussevichp8@google.cn,,620
910,Neysa,Dobney,ndobneyp9@example.com,,774
911,Saundra,Cossey,scosseypa@cdbaby.com,hjarredbd@harvard.edu,485
912,Aluin,Dominy,adominypb@yahoo.com,,168
913,Blithe,Hylton,bhyltonpc@tumblr.com,,824
914,Elvera,Brunicke,ebrunickepd@tmall.com,cpadsond2@berkeley.edu,873
915,Trisha,Attfield,tattfieldpe@cargocollective.com,,516
916,Kacy,Kenningham,kkenninghampf@state.gov,,26
917,Pamella,Crickmore,pcrickmorepg@nsw.gov.au,pdrever23@usatoday.com,380
918,Gwenore,Timewell,gtimewellph@a8.net,,329
919,Franky,Sodeau,fsodeaupi@discovery.com,,830
920,Chadd,Wodham,cwodhampj@shareasale.com,,455
921,Fields,Riseley,friseleypk@usatoday.com,,262
922,Bertie,Dunne,bdunnepl@naver.com,,240
923,Marlon,McSherry,mmcsherrypm@netvibes.com,,325
924,Lia,McDonnell,lmcdonnellpn@go.com,,830
925,Elka,Gowman,egowmanpo@weather.com,,562
926,Jerad,Draycott,jdraycottpp@ibm.com,,435
927,Prentice,Garbutt,pgarbuttpq@tumblr.com,,699
928,Candra,Coneley,cconeleypr@businesswire.com,klindenbergo3@constantcontact.com,98
929,Tera,Denver,tdenverps@census.gov,,546
930,Nevsa,Rubroe,nrubroept@jimdo.com,cservisaf@walmart.com,304
931,Nanon,Regi,nregipu@mtv.com,,790
932,Patty,Jachtym,pjachtympv@shinystat.com,twintleiz@4shared.com,930
933,Eustacia,Hammerton,ehammertonpw@nationalgeographic.com,,268
934,Micki,Dumbrall,mdumbrallpx@dmoz.org,,919
935,Christy,Smallman,csmallmanpy@hud.gov,,3
936,Legra,Bazeley,lbazeleypz@mlb.com,,787
937,Matty,Mattiato,mmattiatoq0@sogou.com,,871
938,Arlen,Edwick,aedwickq1@auda.org.au,,329
939,Nan,Pardon,npardonq2@gizmodo.com,,463
940,Bridgette,Trenaman,btrenamanq3@ehow.com,,804
941,Patin,Pfeiffer,ppfeifferq4@theatlantic.com,,861
942,Alfonso,Godbolt,agodboltq5@jimdo.com,,480
943,Trula,Lghan,tlghanq6@biblegateway.com,,240
944,Hazlett,Eggar,heggarq7@theglobeandmail.com,,991
945,Lenci,Warhurst,lwarhurstq8@yale.edu,,931
946,Vaughn,Cottesford,vcottesfordq9@github.io,,57
947,Sumner,Offen,soffenqa@creativecommons.org,,585
948,Humfried,De Paepe,hdepaepeqb@nasa.gov,mcarlo6o@networksolutions.com,2
949,Jewell,Skyner,jskynerqc@time.com,,243
950,Reeta,Guion,rguionqd@seattletimes.com,,869
951,Callean,McArtan,cmcartanqe@amazon.co.jp,,960
952,Max,Bachellier,mbachellierqf@hibu.com,,159
953,Odelia,Heinzler,oheinzlerqg@chronoengine.com,,276
954,Garfield,Poland,gpolandqh@trellian.com,,507
955,Beatriz,Brockelsby,bbrockelsbyqi@cdc.gov,vchavefe@pbs.org,502
956,Burnaby,Glowacz,bglowaczqj@google.fr,,973
957,Joshuah,Dadd,jdaddqk@youtube.com,rmarcoolynbi@cbc.ca,313
958,Yancey,Gabel,ygabelql@odnoklassniki.ru,fbirkmyrhu@netscape.com,684
959,Ruby,Baldrey,rbaldreyqm@angelfire.com,,305
960,Belle,Montrose,bmontroseqn@netlog.com,,37
961,Valentino,Weatherby,vweatherbyqo@nps.gov,,200
962,Burty,Bertlin,bbertlinqp@51.la,,333
963,Emalee,D'Andrea,edandreaqq@istockphoto.com,,107
964,Alleyn,Peak,apeakqr@360.cn,,578
965,Baillie,McCuis,bmccuisqs@buzzfeed.com,wstirley1k@cnn.com,702
966,Randal,Valenti,rvalentiqt@patch.com,,266
967,Erhard,de Bullion,edebullionqu@smugmug.com,,881
968,Phillipe,Pinnell,ppinnellqv@webeden.co.uk,,329
969,Rufe,Lenz,rlenzqw@pinterest.com,,93
970,Yvon,Goodbarne,ygoodbarneqx@mediafire.com,,565
971,Angelico,Ladd,aladdqy@soundcloud.com,,156
972,Randy,Leaburn,rleaburnqz@taobao.com,,590
973,Mallorie,Kingescot,mkingescotr0@instagram.com,tbenois12@ucoz.com,121
974,Sonny,Scholl,sschollr1@mtv.com,,321
975,Land,Norcott,lnorcottr2@reverbnation.com,,327
976,Yance,Littleover,ylittleoverr3@house.gov,ehammertonpw@nationalgeographic.com,34
977,Eugenius,Prantl,eprantlr4@senate.gov,,551
978,Akim,Goodnow,agoodnowr5@springer.com,mbrunesco6n@hubpages.com,416
979,Alanson,Martini,amartinir6@mediafire.com,,476
980,Mackenzie,Krabbe,mkrabber7@imageshack.us,,758
981,Joelynn,Pirrey,jpirreyr8@engadget.com,,227
982,Tucker,Holyard,tholyardr9@uiuc.edu,,491
983,Innis,Tarbin,itarbinra@about.me,,784
984,Lizbeth,O'Grogane,logroganerb@amazon.co.jp,,976
985,Gisele,Peasnone,gpeasnonerc@gmpg.org,,898
986,Nathalia,Linzey,nlinzeyrd@gnu.org,cmableson39@comsenz.com,128
987,Brietta,Streets,bstreetsre@wordpress.com,,624
988,Josefa,Chaves,jchavesrf@samsung.com,,650
989,Boris,Rhelton,brheltonrg@google.it,oscarsbrookiq@wikispaces.com,623
990,Far,Bortolussi,fbortolussirh@360.cn,,493
991,Luisa,Krolman,lkrolmanri@fda.gov,,595
992,Meridel,Haddington,mhaddingtonrj@friendfeed.com,,249
993,Judi,Gromley,jgromleyrk@buzzfeed.com,,903
994,Chelsae,Varnam,cvarnamrl@github.com,,373
995,Dael,Testo,dtestorm@sfgate.com,,337
996,Damita,Ketteman,dkettemanrn@aol.com,sjackways9z@blogspot.com,9
997,Dolley,Leavesley,dleavesleyro@posterous.com,,387
998,Reagan,Attwill,rattwillrp@flavors.me,,366
999,Yvette,Szymanowski,yszymanowskirq@acquirethisname.com,,100
1000,Lauralee,Blakiston,lblakistonrr@nifty.com,,660
